AWE2FvX5RxPSIh2RscTK,1
AVwcj_OhkufWRAb5wi9T,2
AVweLARAByjofQCxv5vX,3
AV1thAoL3-Khe5l_Ott5,4
AVz6h4Sb3D1zeR_xDHsu,5
AVwdo6WHByjofQCxrGaj,6
AVwcuo0eIN2L1WUfoPEk,7
AWB2mcqARxPSIh2RpdHz,8
AVwdhvN2kufWRAb56xSm,9
AWV8VsCtRxPSIh2RyTvS,10
AVwd89xXkufWRAb5-sIk,11
AWCACh4CIxWefVJwvFKH,12
AVwc5LuukufWRAb50Jbl,13
AVzA_6Z0-gnIPe8DSgb_,14
AVwdHyHXIN2L1WUfsbS3,15
AVwdyBCp_7pvs4fz9N1Z,16
AV1thhZpIxWefVJwhDL7,17
AWCACflQIxWefVJwvFF4,18
AWcS7fMIa4HuVbedX4TQ,19
AWB4WPWTRxPSIh2Rpdw1,20
AWV8WeZrIxWefVJw354s,21
AV5OW5x2RxPSIh2RhpcH,22
AWM8j93RRxPSIh2RuhzO,23
AVwdDi4c_7pvs4fz1yly,24
AWB2X-9e3-Khe5l_cVCf,25
AWB4F2Dha4HuVbedJ8_d,26
AVwdljqrkufWRAb57WJ0,27
AVwdVDQD_7pvs4fz4uwI,28
AVwei-aL_7pvs4fzEBlg,29
AV1TrxK2-gnIPe8DWo6q,30
AWcDgZvk3-Khe5l_qPXC,31
AWKnkc6v3-Khe5l_hxFj,32
AV1tiB-MRxPSIh2RbgUd,33
AVweVtjEkufWRAb5CENL,34
AWKj9yBya4HuVbedPTd3,35
AVwdivpG_7pvs4fz66-e,36
AWEKmgyt3-Khe5l_exCm,37
AVwdJ0CpIN2L1WUfswDk,38
AVwdU7oJ_7pvs4fz4tiR,39
AVwdX8UfkufWRAb55PNG,40
AV1thTOca4HuVbed8Y8t,41
AVwc6veOkufWRAb50aEF,42
AVwd5UOOByjofQCxtchr,43
AVwd7U2x_7pvs4fz-fTk,44
AVwdbtx1ByjofQCxpESg,45
AWB4V6PkIxWefVJwvDgC,46
AVweDxn2_7pvs4fz_rej,47
AV63tVNW3-Khe5l_YA9_,48
AWM8kLxMRxPSIh2Ruhz4,49
AV0yKP88FcQ3k02bFIts,50
AVwd69mm_7pvs4fz-cEZ,51
AVwdyjBtByjofQCxshtG,52
AVwciBgSByjofQCxfRWM,53
AWEKkuNpIxWefVJwxGyH,54
AVwd-Lx3_7pvs4fz-5Ah,55
AVwd6MDjIN2L1WUf0SCn,56
AWEKmvArIxWefVJwxKHF,57
AWKjinxY3-Khe5l_huzI,58
AV1eUGG23-Khe5l_NILv,59
AVwc35Mf_7pvs4fzz387,60
AVwc7fCJIN2L1WUfqcIT,61
AV1eTyYwIxWefVJwfc9M,62
AVwde3XBIN2L1WUfwQNB,63
AWEKmp3Ia4HuVbedMXjP,64
AVweM5YvByjofQCxwKPf,65
AV1thiSI3-Khe5l_OwJu,66
AVwemL1x_7pvs4fzEfZu,67
AVwd5ohFByjofQCxtfiW,68
AVwds2jfkufWRAb58dgU,69
AWEKq1Eba4HuVbedMYk2,70
AVwdRn0kIN2L1WUfuGE7,71
AVwcxhO8kufWRAb5y4IF,72
AWEKpyrNRxPSIh2RrjAm,73
AWEKlPrZIxWefVJwxHXU,74
AVweWa2cByjofQCxxbi2,75
AWFVZoAwIxWefVJwy0Qv,76
AWE8eTNHa4HuVbedNyBO,77
AWFzs4xta4HuVbedObWO,78
AVwdst84kufWRAb58cND,79
AVzX37skFcQ3k02bCAAH,80
AVwdAFQjByjofQCxkemn,81
AVzj3tIj3D1zeR_xCKeY,82
AWEw3g92RxPSIh2RsYB9,83
AWKrzpoo3-Khe5l_hyca,84
AV46yg1Wa4HuVbedAE7v,85
AV1eRXa0a4HuVbed6sOu,86
AWB2ZE423-Khe5l_cVK5,87
AVwctFU0kufWRAb5yIC4,88
AWEKj8OCIxWefVJwxGCj,89
AVwear0JkufWRAb5CuHZ,90
AV1thjTvRxPSIh2Rbe_u,91
AVwcxZSWkufWRAb5y2wv,92
AV1tg1mT3-Khe5l_OsnD,93
AVwdeY4b_7pvs4fz6Q4y,94
AVwc9b1sByjofQCxkDUq,95
AVweZtcxByjofQCxx3yd,96
AVwcg3rXkufWRAb5v-bM,97
AVwclNcUIN2L1WUfmk6O,98
AWB2Zvswa4HuVbedJ8WE,99
AVwdz4fkIN2L1WUfzbHu,100
AVwdXE55kufWRAb55GBG,101
AV2FZwfaIxWefVJwifTk,102
AVwc9X1BIN2L1WUfqv4O,103
AVwdWJtQIN2L1WUfu2X7,104
AVwd0t8qByjofQCxs09l,105
AVwdv39MIN2L1WUfy1ve,106
AVweW2eTByjofQCxxfi0,107
AVwdH0AeByjofQCxluW5,108
AVwdNCQfkufWRAb53ZZm,109
AVwdwuoikufWRAb59A-g,110
AVweDxx3IN2L1WUf1oIL,111
AVwekuo2kufWRAb5ENps,112
AV0XuC_g3D1zeR_xDsmA,113
AVwdbX7eIN2L1WUfvtju,114
AVwc0m-W_7pvs4fzzVOt,115
AWCACqHTIxWefVJwvFSv,116
AV1tifGw3-Khe5l_Oynt,117
AVwce0Bj_7pvs4fzvhYI,118
AVwd8OCTByjofQCxt21m,119
AVweYfCeIN2L1WUf4bWo,120
AVwdi5RsByjofQCxqKmw,121
AVwdtxRWByjofQCxr1Sf,122
AWV8Wa4da4HuVbedUdXQ,123
AV0yKQ9UFcQ3k02bFIut,124
AVwdKpVIIN2L1WUfs5G9,125
AVwc_0P4kufWRAb51Oot,126
AVwdCkrF_7pvs4fz1oJ3,127
AVwct6-FIN2L1WUfoHZP,128
AVwdQrNJkufWRAb54Bz2,129
AVwebhv2IN2L1WUf410n,130
AVwd7301IN2L1WUf0hf5,131
AWCVdGbia4HuVbedKQ1M,132
AVwc1XWU_7pvs4fzzdHg,133
AVwd3-Mk_7pvs4fz-BmW,134
AVweRZFekufWRAb5BeiE,135
AVwctE4Q_7pvs4fzyEIf,136
AVwchAIHIN2L1WUflybT,137
AVwdr6p6_7pvs4fz8V4S,138
AWCIG-e9a4HuVbedKGuu,139
AVwd_uy8_7pvs4fz_G9L,140
AWEKmB9Ca4HuVbedMWRY,141
AVwdmuooIN2L1WUfxeIp,142
AVwdq158IN2L1WUfyG0p,143
AVwdp-5bIN2L1WUfx-QW,144
AVwdp3TgIN2L1WUfx9MO,145
AVwdcfh7kufWRAb55_JP,146
AV1thrxaRxPSIh2Rbffi,147
AV1tgeOTa4HuVbed8T1U,148
AVwdHZ8IByjofQCxlqQL,149
AWfznEYmIxWefVJwAzb1,150
AVwcrLbpkufWRAb5xzWe,151
AV1thSNNRxPSIh2RbeAO,152
AVwctTwDByjofQCxhTd1,153
AVweDtQuIN2L1WUf1nhc,154
AVwcnwMOkufWRAb5xOPH,155
AVweMWcNIN2L1WUf2zEC,156
AVwdrZtrByjofQCxrfQq,157
AVwd6kLRIN2L1WUf0VmK,158
AVwel12UByjofQCxzqRI,159
AVwekE3K_7pvs4fzEMXd,160
AVwdtQQD_7pvs4fz8h3p,161
AVwcl2Qh_7pvs4fzwzs6,162
AV6ClLana4HuVbedE7tH,163
AV1eTlpBa4HuVbed6w1C,164
AVwdX6iqkufWRAb55O6q,165
AVwc1VpMByjofQCxisZz,166
AWCVdownIxWefVJwvUDw,167
AWEKm4QnRxPSIh2Rrihu,168
AVwcjlX_IN2L1WUfmRe8,169
AVweHTxUByjofQCxvZA5,170
AV495hbyIxWefVJwlW8L,171
AVwc-POC_7pvs4fz06bp,172
AVzOLf4aFcQ3k02bBrRN,173
AV4h_rMCa4HuVbed_fQN,174
AVwczy3LkufWRAb5zQBk,175
AVwec56zByjofQCxyVGl,176
AVwdyObDByjofQCxseoN,177
AVweRf3HByjofQCxwxlx,178
AV5Scdp-IxWefVJwnbnY,179
AVwdOVWUByjofQCxm0W7,180
AV46yZHA3-Khe5l_Sbqj,181
AVwdl0hzByjofQCxqnsx,182
AV--lmxKIxWefVJwsReI,183
AVwdF4JpkufWRAb52NoD,184
AWCACySCRxPSIh2Rpfsx,185
AVwclXpTkufWRAb5wyir,186
AVwcyAs5_7pvs4fzy5zD,187
AV46ygpUa4HuVbedAE68,188
AVweUNmBkufWRAb5B282,189
AVwc252WIN2L1WUfpqLP,190
AVwcvXOt_7pvs4fzycrb,191
AVweZMcVIN2L1WUf4hp_,192
AVwdNvT_ByjofQCxmtfl,193
AWE7XfUHa4HuVbedNccE,194
AV1eUGO7RxPSIh2RZ6B-,195
AVwdK5etIN2L1WUfs7w4,196
AVwdhaD_ByjofQCxp8Ff,197
AVwcvPudkufWRAb5yfGh,198
AVwdyjveIN2L1WUfzPNv,199
AVwcqG9qIN2L1WUfnco0,200
AVwdFit2_7pvs4fz2Hf6,201
AVweZmtlByjofQCxx26h,202
AVwcutHnkufWRAb5yY8Y,203
AV1fla3hIxWefVJwfjn0,204
AVwdDq6A_7pvs4fz10H0,205
AVwdNS4l_7pvs4fz3aPn,206
AWKpUOem3-Khe5l_hxVk,207
AWFAxP143-Khe5l_giD7,208
AWbu4FYJa4HuVbedXsyP,209
AVweW1oTByjofQCxxfak,210
AVwdKiXaByjofQCxmKvO,211
AVwdHZRhIN2L1WUfsXYe,212
AVwds0L4ByjofQCxrsXn,213
AVwdyc9j_7pvs4fz9RyA,214
AWE77oOsa4HuVbedNnzx,215
AWEKmmlWIxWefVJwxJzG,216
AVwdsDc-_7pvs4fz8XHj,217
AVwd8la6kufWRAb5-ouG,218
AWdgUTtXa4HuVbedaODu,219
AVwczwaQ_7pvs4fzzL5S,220
AVwcoBudkufWRAb5xQ4d,221
AVweJFTO_7pvs4fzAZoe,222
AVzxmZIz-gnIPe8DUR1X,223
AVwd37XCkufWRAb59_zE,224
AVwd9ZLDByjofQCxuBeD,225
AVweRq_hkufWRAb5BhEZ,226
AWB2cxH1a4HuVbedJ8f4,227
AV5aIOzq3-Khe5l_Vh3X,228
AVweS-rfkufWRAb5BsqM,229
AWB2bVqtRxPSIh2Rpc2g,230
AVwdmR-RkufWRAb57dqg,231
AVwdzYOzkufWRAb59Yg3,232
AVwc7A4mkufWRAb50c7D,233
AWbLQICi3-Khe5l_p1Xb,234
AVwcv9KIkufWRAb5ym-h,235
AVwd80Xi_7pvs4fz-sc2,236
AWbLQNR0a4HuVbedXXcO,237
AWCPJMeG3-Khe5l_cj50,238
AVweb1k5_7pvs4fzC8mZ,239
AWdlE0rK3-Khe5l_tDlq,240
AV1Tpgl3FcQ3k02bFPgm,241
AVwePtFVkufWRAb5BQPF,242
AVwdZAwNIN2L1WUfvUkL,243
AVwchkxs_7pvs4fzwCM5,244
AVweWHMbIN2L1WUf4G8H,245
AVwdf_AlByjofQCxpuGj,246
AV1eS5Waa4HuVbed6ukB,247
AWE8FMg_3-Khe5l_gH2n,248
AVweYGTCIN2L1WUf4YJb,249
AVz6h3jJFcQ3k02bDhJX,250
AVwcnugCByjofQCxgVH3,251
AWCAChhoIxWefVJwvFJG,252
AV4hzxTb3-Khe5l_R1-8,253
AWE77YFMRxPSIh2RsmV0,254
AWEKruIkIxWefVJwxLHG,255
AVwcznZZ_7pvs4fzzKa_,256
AVweAZKSByjofQCxucLQ,257
AWfaJjQba4HuVbeddiSW,258
AV1eTUxCa4HuVbed6v49,259
AVwdX82zIN2L1WUfvJvi,260
AV1thibU3-Khe5l_OwKY,261
AV5NZ-Rk3-Khe5l_UNvi,262
AVwc7-2fkufWRAb50m6j,263
AVwdB66AkufWRAb51kY8,264
AVwcwB2JIN2L1WUfoelR,265
AVwcw9nCByjofQCxh8Du,266
AWEKlW5Y3-Khe5l_evco,267
AWd55X8nIxWefVJw-ukb,268
AWFghptTRxPSIh2RtN5c,269
AVwdJcYyIN2L1WUfssF7,270
AWV8WGM5RxPSIh2RyTvk,271
AWEw8uNaRxPSIh2RsZCt,272
AVwdy1pFByjofQCxskWi,273
AVwcxZ_t_7pvs4fzyzQP,274
AVwdK66HkufWRAb53Bho,275
AVwcsI0XIN2L1WUfnzz8,276
AVwdRFzf_7pvs4fz4Ewl,277
AVweCxHtkufWRAb5_gQM,278
AV1tfdVJ3-Khe5l_OjST,279
AVwdOXUUByjofQCxm0vn,280
AVwd67cxkufWRAb5-aPl,281
AVwdeV9CIN2L1WUfwLfL,282
AWFld6_E3-Khe5l_gwN1,283
AVwc-Lv4ByjofQCxkKsm,284
AVwdCbgb_7pvs4fz1mf_,285
AWd54D1Ga4HuVbedbgwW,286
AWbu3w1ta4HuVbedXsyG,287
AVwdwazA_7pvs4fz8_Oh,288
AVwdpjZiIN2L1WUfx56f,289
AVwc1jgQIN2L1WUfpbug,290
AVwegRxpkufWRAb5DjDF,291
AVwcjuNpIN2L1WUfmTHV,292
AV1thKU9a4HuVbed8YSX,293
AVwc186TkufWRAb5zmN8,294
AVwdK0ggkufWRAb53Afk,295
AWCACmMEIxWefVJwvFN4,296
AVwdNApbIN2L1WUftTMk,297
AVwebyOiByjofQCxyKTi,298
AVweWw5jIN2L1WUf4Mgx,299
AVwdhNIDByjofQCxp6FY,300
AV1eSvg9a4HuVbed6uPk,301
AVwdX71zkufWRAb55PIC,302
AV495lLFRxPSIh2Rfy17,303
AV1geQ1XRxPSIh2RaDaW,304
AV1eS7ubRxPSIh2RZ3Ye,305
AWFAYXoEa4HuVbedOGQ_,306
AWE9L5MIa4HuVbedN_MV,307
AV1eS4TXRxPSIh2RZ3MC,308
AVwdXghdByjofQCxoX1v,309
AVwd_qmYIN2L1WUf1DGS,310
AVwdkWY2IN2L1WUfxF3k,311
AVweRFa-_7pvs4fzBfW-,312
AWEKlJAlIxWefVJwxHE1,313
AVwc6tW9ByjofQCxjmlT,314
AWEKmY9aIxWefVJwxJcZ,315
AV1thjYt3-Khe5l_OwOP,316
AVwdwbHz_7pvs4fz8_SN,317
AVz-al33-gnIPe8DUqjy,318
AWE7rXpRa4HuVbedNf_o,319
AVwctHgY_7pvs4fzyEoc,320
AWFFmUUoRxPSIh2RtC7T,321
AVwc2lzqkufWRAb5ztAV,322
AVweWvOT_7pvs4fzCQkP,323
AVwdHqk9kufWRAb52gKu,324
AVweIVRE_7pvs4fzATPN,325
AVwdRKnh_7pvs4fz4FkJ,326
AVwdAvuJIN2L1WUfrSA6,327
AWEKmlvI3-Khe5l_exGR,328
AV1eTjeIa4HuVbed6wv6,329
AVwddeIMIN2L1WUfwDKo,330
AVwdRaopByjofQCxnWwN,331
AWB2d6J5IxWefVJwvCvP,332
AVweXUkykufWRAb5CRlb,333
AVwctIZ-IN2L1WUfn-fO,334
AVwd87J3_7pvs4fz-ta8,335
AV1dcvYH3-Khe5l_Msan,336
AWIZKYxLa4HuVbedO4QM,337
AV46yf0oa4HuVbedAE5M,338
AV46yfjQa4HuVbedAE4u,339
AVweZ_c__7pvs4fzCr-a,340
AVweMlNSByjofQCxwHYL,341
AVwdkmwvIN2L1WUfxIdc,342
AV-EJjTE3-Khe5l_YonZ,343
AWCIHYfW3-Khe5l_cgL8,344
AVwc9mJbkufWRAb503ER,345
AV0X1Zp8FcQ3k02bEKT7,346
AVwcn396ByjofQCxgWuk,347
AVwc-hAsByjofQCxkOJQ,348
AWCIIWGz3-Khe5l_cgeY,349
AVwdKCWl_7pvs4fz2152,350
AVwdKfPSkufWRAb529Gj,351
AVwdnn97_7pvs4fz7rIl,352
AWE2E2OG3-Khe5l_fwmT,353
AVwcp0Y1ByjofQCxgsyk,354
AWEKm1vzRxPSIh2Rricn,355
AVwc-sD2IN2L1WUfq9BD,356
AVwddMkKIN2L1WUfwAu_,357
AWE7TZ7_IxWefVJwyJbk,358
AVwcp2gFIN2L1WUfnZ_K,359
AWV8XUddRxPSIh2RyTw8,360
AVwdiNZnkufWRAb561se,361
AVwc4rzpByjofQCxjP5O,362
AVwdJK8xByjofQCxl8Jz,363
AWFFqUL1IxWefVJwyt90,364
AVweegf8kufWRAb5DRxx,365
AVwdYrqfByjofQCxoj8T,366
AVwekzbHByjofQCxzg6f,367
AVwdztBSIN2L1WUfzZZi,368
AVweaU9yByjofQCxx9NF,369
AVwdV1vUkufWRAb544qz,370
AV496YN3a4HuVbedAgdv,371
AWLTU3B93-Khe5l_h9VG,372
AWE2FQzJa4HuVbedNWYC,373
AVz-gEziFcQ3k02bDlGI,374
AVwegPplIN2L1WUf5jOC,375
AVweQ0jG_7pvs4fzBdOy,376
AVweMcS2IN2L1WUf2z7E,377
AVwdygLHIN2L1WUfzOsI,378
AV1flvbLRxPSIh2RaAN6,379
AVwedqSb_7pvs4fzDNmB,380
AVweGHNYByjofQCxvOix,381
AVwdXPo8kufWRAb55H2X,382
AWE8q35Q3-Khe5l_gPJ3,383
AWEKmZMpa4HuVbedMXFn,384
AVwc47jAIN2L1WUfp__5,385
AVwdUoHzIN2L1WUfulv_,386
AVwcqifF_7pvs4fzxn90,387
AVweckV9kufWRAb5C_sd,388
AWLZLROeRxPSIh2RuL8b,389
AV1thsxtIxWefVJwhD2-,390
AWEKmQEARxPSIh2RrhXv,391
AVwc7ojtIN2L1WUfqdwI,392
AVwchMARkufWRAb5wCKd,393
AVwduvE2IN2L1WUfyrFI,394
AWKoVi3P3-Khe5l_hxMG,395
AV1eTRHea4HuVbed6vtZ,396
AVweOv-NIN2L1WUf3HjJ,397
AV1flWHFRxPSIh2RZ_1J,398
AVwcsVVVkufWRAb5yAHN,399
AVwdNgqSIN2L1WUftYV0,400
AVwce0-QByjofQCxetpl,401
AVwde5g6ByjofQCxpjii,402
AVwdpQVj_7pvs4fz77D7,403
AVwc3X6ukufWRAb5z1eu,404
AV1tgfZ53-Khe5l_OqTa,405
AVzOLPqy-gnIPe8DSyDW,406
AVwds1X4ByjofQCxrskC,407
AVwcyDQHIN2L1WUfo1sX,408
AVwc35pNByjofQCxjH50,409
AVwehjMRkufWRAb5DvG6,410
AWB2aJraIxWefVJwvCjR,411
AVwdgEkvkufWRAb56g6J,412
AVwd1M88_7pvs4fz9pvY,413
AVwdiiqhIN2L1WUfw0Id,414
AVwchh4f_7pvs4fzwBnt,415
AVweSQ9CIN2L1WUf3l-i,416
AVwdGNuYIN2L1WUfsLeA,417
AVwc9sJZByjofQCxkFzD,418
AWEKkCODIxWefVJwxGFu,419
AVwc_nSfIN2L1WUfrG0K,420
AVwc8-cOByjofQCxj-qw,421
AWEKlIxxIxWefVJwxHD9,422
AVwdVbmVIN2L1WUfuuJo,423
AV1tgzPFIxWefVJwg_aJ,424
AVwdaclm_7pvs4fz5oMH,425
AVweYydcByjofQCxxwHb,426
AVwduimh_7pvs4fz8tSx,427
AVwcnD1QIN2L1WUfm6d0,428
AVwc-6nWIN2L1WUfq_Rx,429
AVweRoaDkufWRAb5BgtA,430
AVweiGMOByjofQCxzG76,431
AV--luVA3-Khe5l_ZMEJ,432
AV1eTHJWa4HuVbed6vFu,433
AVweH9mjIN2L1WUf2M8b,434
AVwcjynokufWRAb5wgtu,435
AVweYfs2kufWRAb5CbU3,436
AVwdeLWXByjofQCxpdCm,437
AWE71f4MRxPSIh2Rsl4O,438
AWEKmzP_3-Khe5l_exg7,439
AWENcSYNIxWefVJwxZm7,440
AVwdq-c7IN2L1WUfyIMK,441
AV1flj8H3-Khe5l_NQb7,442
AWEKlb7mRxPSIh2Rrgay,443
AVwc8qoJ_7pvs4fz0qkn,444
AV1flTqW3-Khe5l_NQXR,445
AVweS2dLByjofQCxw9tK,446
AV1flxnP3-Khe5l_NQg3,447
AVwc9_IUByjofQCxkI2N,448
AV1c3L_zRxPSIh2RYnrE,449
AVwc7SRhkufWRAb50fwk,450
AV4_JaHnRxPSIh2RgE-h,451
AVzBKUgPLD2H7whiWNGf,452
AVwc_eATIN2L1WUfrFLX,453
AWEKmOhy3-Khe5l_ewas,454
AWCVhis-a4HuVbedKQ7C,455
AVwcrBswkufWRAb5xxjx,456
AVwduBjQIN2L1WUfykwB,457
AVwcrIWVIN2L1WUfnoSf,458
AV5NbrOF3-Khe5l_UOA5,459
AVwdcKiMByjofQCxpJLa,460
AWEKjeJz3-Khe5l_es1k,461
AVweMl6NIN2L1WUf21TG,462
AVwdbpQgIN2L1WUfvwbt,463
AV1thm4A3-Khe5l_Owbz,464
AVwcgqxV_7pvs4fzv3N3,465
AVweEflb_7pvs4fz_xiB,466
AVwdb8DuByjofQCxpGu0,467
AVweU_9K_7pvs4fzCBoH,468
AVwd4aqnByjofQCxtUdc,469
AVwdUoMdkufWRAb54rxF,470
AV1tiHZj3-Khe5l_Oxu0,471
AVwec6Il_7pvs4fzDGys,472
AVwc4Wmx_7pvs4fzz8V_,473
AWB4G7duIxWefVJwvDQJ,474
AVwdEz27kufWRAb52DM7,475
AVwdpQ8HIN2L1WUfx3Cs,476
AVwd_wKjByjofQCxuWPi,477
AWEKmtad3-Khe5l_exZs,478
AVwddXlaIN2L1WUfwCRd,479
AVwdJjGxkufWRAb52zAa,480
AVwc0xpykufWRAb5zazh,481
AV1flzR-IxWefVJwfj_F,482
AVwcsqj7ByjofQCxhMme,483
AVwclFGAkufWRAb5wvQ2,484
AV1eTOBYa4HuVbed6vjj,485
AVweB_oFByjofQCxuqx2,486
AVwdQajwIN2L1WUft489,487
AWEKmNhVRxPSIh2RrhPc,488
AWLVe2VD3-Khe5l_h9ri,489
AV1eTSG43-Khe5l_NFox,490
AVwcrCK6ByjofQCxg6IE,491
AVwdHCVR_7pvs4fz2W6e,492
AVweacXdkufWRAb5CsBZ,493
AVwd9glG_7pvs4fz-yzP,494
AVweRpb5IN2L1WUf3gjk,495
AVwd2SFDIN2L1WUfzv3-,496
AVwc95mPByjofQCxkH5E,497
AVwduQEXIN2L1WUfymn4,498
AVweMYUO_7pvs4fzA24O,499
AVwdIXpD_7pvs4fz2kTD,500
AVwd8zPZkufWRAb5-qrX,501
AVweS-knkufWRAb5BspS,502
AVzoMUvgLD2H7whiXmq_,503
AVwdRn-XIN2L1WUfuGGK,504
AVwdUiRKByjofQCxn3uM,505
AVwdP7AAIN2L1WUftzlD,506
AWEKmqj7IxWefVJwxJ93,507
AVwdBBbZIN2L1WUfrVGG,508
AVwcgawiByjofQCxe_BJ,509
AVwdXF6W_7pvs4fz5E7S,510
AVwehW0gByjofQCxy_re,511
AVwdLFvZkufWRAb53DST,512
AWCIHtpR3-Khe5l_cgQI,513
AWEKmbcBa4HuVbedMXJt,514
AVwc9q-HByjofQCxkFoy,515
AVwdth_s_7pvs4fz8knB,516
AVwcsZ2uByjofQCxhJsI,517
AV1flifcRxPSIh2RaABn,518
AVwcxFGFIN2L1WUfoqpu,519
AVwekDvJByjofQCxzaKQ,520
AWE7lsEMIxWefVJwyMxf,521
AVwdrOzG_7pvs4fz8PTn,522
AVwcvAjI_7pvs4fzyYoq,523
AVwdOtMIByjofQCxm4g4,524
AVwciaxnIN2L1WUfmDRr,525
AVweVPVYIN2L1WUf3_ik,526
AVwcte5YByjofQCxhVYS,527
AVwctAJvkufWRAb5yHGn,528
AVwdGWGEByjofQCxlfof,529
AVweDh7f_7pvs4fz_pV8,530
AVweJ56FIN2L1WUf2eFO,531
AWFVaimZ3-Khe5l_grE5,532
AVwdOaUwkufWRAb53oas,533
AWFp8DuMRxPSIh2RtP7A,534
AVweVZj7_7pvs4fzCFMK,535
AV46yc0fa4HuVbedAE0-,536
AVwdtAhn_7pvs4fz8feK,537
AV0aA9vR3D1zeR_xEMm5,538
AVwd1vSRIN2L1WUfzrVX,539
AWEKmmZHIxWefVJwxJyf,540
AVwcr7IbIN2L1WUfnxX8,541
AVwdKSJlByjofQCxmH8m,542
AVwekMxKByjofQCxzbeG,543
AVwdUM44_7pvs4fz4leH,544
AV0ZPE6L3D1zeR_xEBj6,545
AVwc9R5nkufWRAb50zwr,546
AVwcyzqGIN2L1WUfo9UR,547
AWE9LP3DRxPSIh2Rs4VZ,548
AVwcvlZ7IN2L1WUfoZi_,549
AWVonUN7IxWefVJw313t,550
AVwdps4gkufWRAb57_RI,551
AWCIG8vu3-Khe5l_cfsA,552
AVwc_sPfByjofQCxkadY,553
AVwc8tSkIN2L1WUfqpPH,554
AVwejSC3IN2L1WUf6ADv,555
AVwdO9ow_7pvs4fz3sFg,556
AVwcys4D_7pvs4fzzAzr,557
AVwdJEx8kufWRAb52t2p,558
AVwdLRGWByjofQCxmSwQ,559
AVwcg_FA_7pvs4fzv699,560
AVweRNhmByjofQCxwvCl,561
AV1tiZ_na4HuVbed8cDL,562
AVwdVTjHIN2L1WUfusw3,563
AVwdS5J0ByjofQCxnmfk,564
AVweIQOTByjofQCxvhYP,565
AVwdAC6IByjofQCxkeN3,566
AVwdY0feIN2L1WUfvScq,567
AVwdjn76ByjofQCxqRer,568
AVwdMfo_kufWRAb53TZH,569
AVwdUytKByjofQCxn6j2,570
AVwdf_0F_7pvs4fz6fxS,571
AWFghqW0RxPSIh2RtN5g,572
AVwc-dGp_7pvs4fz08qu,573
AVwc5_kzkufWRAb50R9q,574
AVwdYpVv_7pvs4fz5VF-,575
AVwdT6nuIN2L1WUfueWU,576
AVwdW_5a_7pvs4fz5D74,577
AVwcgI7aByjofQCxe73F,578
AVweKPKd_7pvs4fzAkUC,579
AWAJJ4N2RxPSIh2RooA_,580
AVwdJsgP_7pvs4fz2yMs,581
AVwcnirh_7pvs4fzxHPP,582
AVwdUKJdByjofQCxnzt8,583
AVwdifOt_7pvs4fz64Yf,584
AVwd9tc1IN2L1WUf0yG9,585
AVweR2I7ByjofQCxw0mU,586
AVwdAk2-_7pvs4fz1TSP,587
AWE7OIcS3-Khe5l_fzq_,588
AVweYy2V_7pvs4fzCh6k,589
AV1ZVnHEFcQ3k02bF0oG,590
AVwdWHOjByjofQCxoI4d,591
AWE9Lk81RxPSIh2Rs4Zv,592
AVwd7Gv7_7pvs4fz-dJa,593
AVwdhrGrkufWRAb56wz1,594
AVwdkvTe_7pvs4fz7ObJ,595
AVwdcTMaIN2L1WUfv3pT,596
AVwd_P7HkufWRAb5_BIK,597
AWEKmdUVIxWefVJwxJlU,598
AVwdEAaq_7pvs4fz13rn,599
AVwcih3fIN2L1WUfmEkG,600
AVwc75uj_7pvs4fz0iou,601
AVwdZTfYByjofQCxoqxb,602
AVwcvGtW_7pvs4fzyZo6,603
AVwdLdlp_7pvs4fz3Ffc,604
AV1Tpgs8LD2H7whiZ5tP,605
AVwdFZz6_7pvs4fz2GR2,606
AVwdVETiByjofQCxn9Vz,607
AVwcxWva_7pvs4fzyysT,608
AVweRUhDIN2L1WUf3dwN,609
AVweld2SByjofQCxzm30,610
AVwdOY1iByjofQCxm1D6,611
AVwc1BPNByjofQCxipDo,612
AVwd6iBTIN2L1WUf0VQk,613
AV1tiLieRxPSIh2Rbgqi,614
AWEKla9_RxPSIh2RrgVW,615
AVwebKoHByjofQCxyEcr,616
AVweUAjkkufWRAb5B1E4,617
AVwdmAj3kufWRAb57a4u,618
AVwdGqhs_7pvs4fz2TEH,619
AVwdjJDaIN2L1WUfw53Z,620
AVwehCfX_7pvs4fzDup_,621
AWEKmJd-3-Khe5l_ewOL,622
AVwdbLuSkufWRAb55xAj,623
AV1thlLGIxWefVJwhDap,624
AVwdMu2h_7pvs4fz3T81,625
AVwdncSbByjofQCxq31y,626
AVwc1ZEIByjofQCxis_a,627
AVwc2U28ByjofQCxi2vA,628
AVwd1xIkByjofQCxs-CU,629
AVwdSz-__7pvs4fz4W8H,630
AVwdXBDzkufWRAb55FZV,631
AVweUq7DIN2L1WUf36tH,632
AVwcjWUlIN2L1WUfmOlp,633
AVwcu-m6IN2L1WUfoSz6,634
AVwcz8ssByjofQCxicwi,635
AVweU791kufWRAb5B9YE,636
AVweQ4N_IN2L1WUf3Z26,637
AVwcwaj0ByjofQCxh17E,638
AV1thMcj3-Khe5l_OuzS,639
AVwdm9yoByjofQCxqzbY,640
AWEKlTeARxPSIh2Rrf9Z,641
AWE78HDXIxWefVJwyQNO,642
AVwdh7izByjofQCxqBEH,643
AVwdROieIN2L1WUfuCEn,644
AVwczLZMIN2L1WUfpBi0,645
AWF-MYiE3-Khe5l_g4Dq,646
AVwclphkIN2L1WUfmqLw,647
AVwcmCIKIN2L1WUfmu0T,648
AV1tiACMa4HuVbed8bFK,649
AVwehlAfkufWRAb5DvZg,650
AVwehgyNkufWRAb5Dusi,651
AWCPRHeNRxPSIh2RpqTq,652
AWKoTnn_3-Khe5l_hxLt,653
AVwcr3KT_7pvs4fzx3D_,654
AVwedQ9okufWRAb5DFsQ,655
AVweI3b0_7pvs4fzAX8W,656
AVwdDjV7IN2L1WUfrv_4,657
AVwc9MQyByjofQCxkAtL,658
AVwdgmLZkufWRAb56l9Z,659
AVwcpBnlByjofQCxgj-B,660
AVweaA7v_7pvs4fzCsLq,661
AVwdKvjo_7pvs4fz29dh,662
AVwcjhtQ_7pvs4fzwZNe,663
AVwdInY6kufWRAb52pHG,664
AVwcj90pByjofQCxfpCx,665
AVwcsHsU_7pvs4fzx51l,666
AVweBIRTByjofQCxuiyk,667
AVwcrIvnByjofQCxg7XT,668
AVwdgWVGIN2L1WUfwe08,669
AV1tg1LXa4HuVbed8WOE,670
AVwcsOEqIN2L1WUfn0uq,671
AVwdsAlbIN2L1WUfySgQ,672
AVwck7qk_7pvs4fzwpBz,673
AVweiNw6kufWRAb5D1px,674
AVwc9izyIN2L1WUfqxqY,675
AVweM2APIN2L1WUf23oq,676
AVweUqEmByjofQCxxM1S,677
AVwdKcr3ByjofQCxmJr4,678
AV1gowUNIxWefVJwf2GJ,679
AWCPHe35a4HuVbedKK0j,680
AVwd2Y6akufWRAb59yiF,681
AVwco-L6kufWRAb5xbQC,682
AVweGXB0_7pvs4fzAB6Y,683
AVwc8a97IN2L1WUfqmLI,684
AVwdv85LIN2L1WUfy2jz,685
AVwcu-YOkufWRAb5ycEC,686
AVweMtDiByjofQCxwIf5,687
AVweEl_IkufWRAb5_v-l,688
AVwcyqskIN2L1WUfo7u7,689
AVweeMAJByjofQCxyhRy,690
AVwc06R2IN2L1WUfpVGo,691
AWEKq1I8a4HuVbedMYlG,692
AVwclAQx_7pvs4fzwp8i,693
AVwch6aOIN2L1WUfl9CZ,694
AVwcf0op_7pvs4fzvtqM,695
AVwdXmUhIN2L1WUfvF5r,696
AVweUBomByjofQCxxHHe,697
AVwdkA2NByjofQCxqVnd,698
AV1gkOzPRxPSIh2RaLCo,699
AVwcx14PkufWRAb5y7YY,700
AVwc0dLAIN2L1WUfpPyo,701
AVwciR9kIN2L1WUfmBq_,702
AVwdgeiWByjofQCxpzPJ,703
AVwdknsPByjofQCxqbmJ,704
AVwc1BxfIN2L1WUfpWQh,705
AWFAj0n4a4HuVbedOG2U,706
AV1thu9SIxWefVJwhD8v,707
AVwdLK4ikufWRAb53EKT,708
AVweK9V3kufWRAb5AnT-,709
AVwebfVnkufWRAb5C1Pm,710
AVwdpW3VIN2L1WUfx33i,711
AVwc14xyIN2L1WUfpfB5,712
AVwdFsuwIN2L1WUfsF-c,713
AVwdcoHLByjofQCxpODR,714
AVwdiOC_ByjofQCxqD1s,715
AVwcvG2TByjofQCxhm_J,716
AVwdMpR__7pvs4fz3S_y,717
AVwcl6UkByjofQCxgAid,718
AV0Xx7K43D1zeR_xDuwc,719
AVwcwUbT_7pvs4fzynMq,720
AVweZntgkufWRAb5Ckya,721
AVwd3OXr_7pvs4fz97MM,722
AVwcvVCz_7pvs4fzycQK,723
AWCauw2kRxPSIh2Rpz4J,724
AVwc490SIN2L1WUfqAc7,725
AV1eS_4AIxWefVJwfbSX,726
AVwdkj-rkufWRAb57Mq-,727
AVwcrALLByjofQCxg5vg,728
AVwdeg90_7pvs4fz6R13,729
AVwdm-VY_7pvs4fz7k0b,730
AV1eTHnlIxWefVJwfbro,731
AVwdZc3Q_7pvs4fz5dyV,732
AWV8V53x3-Khe5l_m61W,733
AWEKmT5z3-Khe5l_ewqX,734
AVweSl1nkufWRAb5BpSv,735
AVwdmIAvIN2L1WUfxXvS,736
AVwc4MhxkufWRAb5z-eG,737
AVwddqBXkufWRAb56Kd7,738
AVweLQFEByjofQCxv70t,739
AVwcfuFeByjofQCxe31C,740
AVzOLeha3D1zeR_xBT9g,741
AVweXCYFByjofQCxxhGq,742
AVwdUoU1ByjofQCxn40H,743
AVwcsbl6IN2L1WUfn2-N,744
AVweD0WxkufWRAb5_pfZ,745
AV5TO2KQIxWefVJwnq8U,746
AVwcoEunkufWRAb5xRZl,747
AWB2gRinIxWefVJwvCys,748
AWEKlWrdIxWefVJwxIEE,749
AVwdZ6yNByjofQCxoxCr,750
AVwdfryv_7pvs4fz6cj_,751
AVwc6GhbIN2L1WUfqM8r,752
AWBwl-CmIxWefVJwvAWo,753
AVwc9DlEIN2L1WUfqsqL,754
AVweiANcByjofQCxzGB-,755
AWFVZa2RIxWefVJwy0G4,756
AWIaksGha4HuVbedO4wB,757
AV1thMc6IxWefVJwhB3z,758
AVweMcBpkufWRAb5A0VU,759
AVwdLxSUByjofQCxmYkE,760
AVz6h4u2FcQ3k02bDhKp,761
AVwdKtV9ByjofQCxmMmU,762
AVwckdbk_7pvs4fzwjxT,763
AV1c9uj9RxPSIh2RZELQ,764
AVwchwL9IN2L1WUfl7KR,765
AVwdoJECkufWRAb57vvC,766
AV1tgo-ia4HuVbed8U8p,767
AVweWDNuIN2L1WUf4Gct,768
AVwelCN-IN2L1WUf6Q9Y,769
AVwdMfim_7pvs4fz3RMN,770
AVwdC7P-_7pvs4fz1r3n,771
AWEKmai6RxPSIh2Rrhr_,772
AWE9LYUMa4HuVbedN_AT,773
AVwd_lC3_7pvs4fz_Fqp,774
AVwd6H96ByjofQCxtj6e,775
AVwdG-mFkufWRAb52Y9h,776
AVwec1D4kufWRAb5DB7T,777
AVwdtiBIIN2L1WUfygYo,778
AWCIJI0H3-Khe5l_cg5f,779
AWBwmBRCRxPSIh2RparU,780
AVwcpF7rByjofQCxgkkw,781
AVwd6N7lByjofQCxtkwj,782
AVwelnvm_7pvs4fzEaVM,783
AWEKjbTia4HuVbedMSvF,784
AVzY0EHjFcQ3k02bCQyO,785
AVwdQmLNIN2L1WUft7EO,786
AVwcvBOqIN2L1WUfoTO5,787
AVwdLzgsIN2L1WUftGHN,788
AVwc9Ma4kufWRAb50y2U,789
AVwdKjKs_7pvs4fz27a2,790
AVwcjR1j_7pvs4fzwWRP,791
AVwdD4J__7pvs4fz12Ou,792
AV1tgpiAa4HuVbed8VAi,793
AVweexFQIN2L1WUf5U-x,794
AVwdA8uskufWRAb51aP5,795
AWE2EbkcIxWefVJwyEsr,796
AVwd5NMOkufWRAb5-Ldv,797
AVwd5jiP_7pvs4fz-P6U,798
AVwdRKluIN2L1WUfuBah,799
AVwdG0aT_7pvs4fz2Utt,800
AVwdcNxrkufWRAb558VM,801
AVwdXIHUIN2L1WUfvA6e,802
AVwemq1DByjofQCxzxYu,803
AVwd7XXKkufWRAb5-eHh,804
AVwdafbo_7pvs4fz5oo0,805
AVwcwLYaByjofQCxhzPp,806
AVweVcWDkufWRAb5CB0v,807
AVwdrvBRIN2L1WUfyPyy,808
AV8KUzLQ3-Khe5l_YHcD,809
AVwd-1IB_7pvs4fz-_FV,810
AV1tg8tHIxWefVJwhAZc,811
AWOnm7GpIxWefVJw0cpi,812
AVwc5n-FIN2L1WUfqH0d,813
AV1thaYi3-Khe5l_Ovtq,814
AVweCeh5IN2L1WUf1c2m,815
AVwdLVoP_7pvs4fz3D5L,816
AVwczgyjByjofQCxiX-D,817
AV1c-oCPIxWefVJweqoH,818
AVwc8zcmkufWRAb50vRJ,819
AVweft8tkufWRAb5DdsN,820
AVwc2hH0ByjofQCxi40F,821
AVwd-d94IN2L1WUf047o,822
AVweNNIG_7pvs4fzA-UF,823
AVzBA2PM3D1zeR_xBET7,824
AVweDeC-IN2L1WUf1ldR,825
AVwcopCNByjofQCxgfSS,826
AVwePZOm_7pvs4fzBQ1u,827
AVwc17-JByjofQCxiydp,828
AVweLNkgIN2L1WUf2pN7,829
AVwdRN9o_7pvs4fz4GIn,830
AVwcsjININ2L1WUfn4X1,831
AVwc0od1kufWRAb5zZEu,832
AVwef6iIByjofQCxyyMK,833
AVwdB-p5IN2L1WUfrfBE,834
AV2z6Szm3-Khe5l_Qzo4,835
AV1tgqpY3-Khe5l_OreY,836
AVwdzwrNIN2L1WUfzZ_Z,837
AVweEEQmkufWRAb5_rn_,838
AVwdDst6kufWRAb513a2,839
AVwc5G_N_7pvs4fz0FGi,840
AVwcy5K2IN2L1WUfo-Q-,841
AWV8WBQ93-Khe5l_m61g,842
AVwcvTlKByjofQCxhpN5,843
AVweKycykufWRAb5AmAT,844
AV-EJzYYIxWefVJwrugd,845
AVweHJCO_7pvs4fzAI1_,846
AVwcpen1_7pvs4fzxch7,847
AVwdm5FnByjofQCxqyyf,848
AWE83hw3a4HuVbedN41e,849
AVweU6ldkufWRAb5B9Lq,850
AVwdq6XZkufWRAb58Lby,851
AV1eTMfO3-Khe5l_NFUg,852
AVweSTPxIN2L1WUf3mT4,853
AVwcwF98IN2L1WUfofTr,854
AVwcuBhNkufWRAb5ySF1,855
AVwemLkAkufWRAb5EaiN,856
AVwdRR77_7pvs4fz4Gxu,857
AVwdTtLzByjofQCxnu8i,858
AVweapGJkufWRAb5Ctrz,859
AV1tgvLARxPSIh2RbasB,860
AVwdoIC4IN2L1WUfxrse,861
AVweLt2CByjofQCxv_z8,862
AVweb2I5IN2L1WUf44wk,863
AVweVO2_ByjofQCxxRsB,864
AVwdJiqJByjofQCxmAAq,865
AVwd31AYByjofQCxtPb1,866
AVwefVjmkufWRAb5DZ-0,867
AVweCVxEIN2L1WUf1bjS,868
AVwdcobCkufWRAb56Aph,869
AV5Nb-u7a4HuVbedB23u,870
AVwdfHUHByjofQCxplaR,871
AVwdCKN_IN2L1WUfrgyF,872
AVzX38LmLD2H7whiWsXx,873
AVwdSlK9ByjofQCxnjC6,874
AVwc3NnkkufWRAb5zztJ,875
AVwdfEPTByjofQCxpk_E,876
AV1tiXPm3-Khe5l_OyVn,877
AVweaUNZIN2L1WUf4rA1,878
AVz2xKSj-gnIPe8DUaij,879
AVwdffV9ByjofQCxppFX,880
AWCPCrUK3-Khe5l_cjv5,881
AVwdGYPq_7pvs4fz2QQx,882
AVwcqGLzkufWRAb5xmlJ,883
AVwdKlS8ByjofQCxmLPK,884
AVwd1bpcByjofQCxs7T3,885
AWCZYxnZRxPSIh2RpyLV,886
AVwdMznYByjofQCxmj-Y,887
AWB4GCC4IxWefVJwvDNe,888
AVweMC-N_7pvs4fzAz_J,889
AVwdNQBukufWRAb53b6N,890
AWEw7pPga4HuVbedNStK,891
AVwdN3xQIN2L1WUftcHN,892
AVwcrZPIByjofQCxg-Xq,893
AVwddUk-ByjofQCxpVBm,894
AVwefwZekufWRAb5DeH6,895
AWV8Vt2TIxWefVJw3533,896
AVweIeDFByjofQCxvjW-,897
AVwdO-TIByjofQCxm7c6,898
AVwdIk7rIN2L1WUfsi5e,899
AVwdTz8CkufWRAb54i8w,900
AV1c7jceIxWefVJweeGK,901
AVwdULI7IN2L1WUfug3B,902
AVzBDDcUFcQ3k02bBdJ_,903
AVwcmhnw_7pvs4fzw7Zm,904
AVwdrL71kufWRAb58ONY,905
AVweWVheIN2L1WUf4ItB,906
AVwckq5JIN2L1WUfmeaV,907
AWE78qsta4HuVbedNpyZ,908
AVwcua0RkufWRAb5yWIm,909
AWE7LPqVIxWefVJwyG5d,910
AVwc7s33_7pvs4fz0gsE,911
AVwdDFx5IN2L1WUfrq4i,912
AWCAC2_qIxWefVJwvFhz,913
AVwcffyTIN2L1WUflihz,914
AV1eUKl1RxPSIh2RZ6Og,915
AVweL__x_7pvs4fzAzk6,916
AV0aPNCr3D1zeR_xESvg,917
AVweYJyi_7pvs4fzCcmU,918
AVwdbAUYIN2L1WUfvpoH,919
AWEKlhqca4HuVbedMV7_,920
AWIHwm5Q3-Khe5l_hR5C,921
AVweLfkNIN2L1WUf2rn0,922
AVwePm4EByjofQCxwhLr,923
AV1eTzA-IxWefVJwfc9f,924
AWEKqFlXRxPSIh2RrjDD,925
AVwc637l_7pvs4fz0X4e,926
AVwdCOxKIN2L1WUfrhlS,927
AVwdp-qoIN2L1WUfx-OV,928
AVwdUOvgByjofQCxn0bB,929
AV1thGMp3-Khe5l_OuQb,930
AWEKlNxLRxPSIh2RrfWe,931
AVwcvkMH_7pvs4fzyfF-,932
AVwdnu2zkufWRAb57rvV,933
AVweawZe_7pvs4fzCyvx,934
AVwdHWh8kufWRAb52czl,935
AVwc9SLq_7pvs4fz0we5,936
AV1flUsD3-Khe5l_NQYF,937
AVwcjhd5ByjofQCxfj0b,938
AVwc3qqNkufWRAb5z426,939
AVwdgo1Z_7pvs4fz6mHX,940
AVwdJ8LR_7pvs4fz200B,941
AVwdV3-D_7pvs4fz43p7,942
AVwc2Zy8ByjofQCxi3pM,943
AWCACkqs3-Khe5l_cX22,944
AVwehuno_7pvs4fzD1VE,945
AVwcwbCZkufWRAb5ysDL,946
AVwd4kYsIN2L1WUf0DcH,947
AWEKmlvy3-Khe5l_exGT,948
AV4_H_UZ3-Khe5l_TDFN,949
AVweZwYHByjofQCxx4Lv,950
AVwd_sfHByjofQCxuVyK,951
AVwdv1js_7pvs4fz85iL,952
AVweGf8YkufWRAb5AAev,953
AWOnmoTV3-Khe5l_iumZ,954
AWCACeZPRxPSIh2RpfSq,955
AVwc6ahtkufWRAb50Wq7,956
AVwcyzL2IN2L1WUfo9OK,957
AVwdeAF5ByjofQCxpbXE,958
AVweMDx7_7pvs4fzA0EI,959
AWCPBTWNRxPSIh2Rpp4I,960
AWEKmvmVa4HuVbedMXvr,961
AVwcu-6KIN2L1WUfoS23,962
AVwdms1L_7pvs4fz7iCm,963
AVwcvLgfByjofQCxhn0o,964
AVwdbg5fkufWRAb550ow,965
AVwdfE6i_7pvs4fz6W0S,966
AVwczKAgByjofQCxiUIL,967
AVwdN5uH_7pvs4fz3gWn,968
AV0Vkqa7LD2H7whiYpcC,969
AV1eTmr6IxWefVJwfciu,970
AVwdeI7LIN2L1WUfwJkK,971
AVwd7I81_7pvs4fz-dj9,972
AVwci4PEkufWRAb5wWZx,973
AVwdGlZskufWRAb52U8J,974
AWKkSsJma4HuVbedPTf_,975
AVwdPw8OkufWRAb533Is,976
AVzeFFiGLD2H7whiXIAe,977
AVwekE7XkufWRAb5EHvx,978
AWEKmpuSIxWefVJwxJ7q,979
AV1eT1uE3-Khe5l_NHZp,980
AVwdyF2vByjofQCxsdci,981
AWEKmfsTRxPSIh2Rrh2U,982
AVweCzefByjofQCxuyO9,983
AVwelLPzByjofQCxzkXy,984
AVwdxBZ4kufWRAb59Do2,985
AVwdan3bkufWRAb55qza,986
AVwcjba1_7pvs4fzwYIi,987
AV1b9WNYFcQ3k02bF8xu,988
AVwef99aIN2L1WUf5gke,989
AVweRL9f_7pvs4fzBgXI,990
AVwciwqEkufWRAb5wVFd,991
AV1tiT6wIxWefVJwhFQl,992
AVwcl7AR_7pvs4fzw0hS,993
AVwdFlAVkufWRAb52Knq,994
AVwc9B7WkufWRAb50xVg,995
AVwdp5ejkufWRAb58BTh,996
AVwd7jjp_7pvs4fz-hWr,997
AWE73jiFIxWefVJwyPFU,998
AVwecsvT_7pvs4fzDE9F,999
AVwdpWpk_7pvs4fz77-B,1000
AV1tiQ2QIxWefVJwhFJc,1001
AVwdpkRHkufWRAb5794E,1002
AVwdD-gnIN2L1WUfr0sv,1003
AV-AN728a4HuVbedGQnJ,1004
AV1eTz0qIxWefVJwfdAB,1005
AVwcps_sByjofQCxgriK,1006
AVwc8JIcByjofQCxj2AR,1007
AV1TpbqhFcQ3k02bFOoh,1008
AVwda7F7kufWRAb55uRF,1009
AVwd_CdPByjofQCxuQap,1010
AWEKskkRRxPSIh2RrjWq,1011
AV_YoK_aIxWefVJwtBEq,1012
AWEKmoOtIxWefVJwxJ4L,1013
AV1Ts63z3D1zeR_xFH6n,1014
AV1tgeM63-Khe5l_OqMR,1015
AVwczj6BByjofQCxiYeH,1016
AVwebAvfIN2L1WUf4w5Q,1017
AV--lQdFRxPSIh2RmtbT,1018
AWV8XUk4RxPSIh2RyTw-,1019
AWV8VllRa4HuVbedUdV1,1020
AWCIHAD23-Khe5l_cfxb,1021
AVwc0X42kufWRAb5zWPS,1022
AWV8f9wjRxPSIh2RyT2Q,1023
AWV8Vocca4HuVbedUdV3,1024
AV0ZGbylLD2H7whiZCuR,1025
AVwcnwnN_7pvs4fzxJ92,1026
AVwdhHkfkufWRAb56rA0,1027
AVwdYkftIN2L1WUfvPrH,1028
AVweaH-JByjofQCxx7Ve,1029
AV1eTed4a4HuVbed6wfg,1030
AV46yhVA3-Khe5l_Sb7T,1031
AVwc-HjAIN2L1WUfq3Vb,1032
AVwcsqzL_7pvs4fzx_xz,1033
AV1suU2j3-Khe5l_OVYP,1034
AVwc25jSByjofQCxi8_E,1035
AVwdtuoFByjofQCxr08w,1036
AVwcqQBo_7pvs4fzxknP,1037
AVwejVzQ_7pvs4fzEE-j,1038
AVwcq_FjByjofQCxg5hH,1039
AWV8Xr-SIxWefVJw356m,1040
AV43XxGTIxWefVJwkpQ0,1041
AWUPNmq6IxWefVJw3c71,1042
AVwdtsTRByjofQCxr0oP,1043
AVwcu5TlIN2L1WUfoR8G,1044
AVwc5rFrByjofQCxjbI9,1045
AVwecRCQkufWRAb5C8lN,1046
AVweO5yMByjofQCxwbC1,1047
AVweRjKMByjofQCxwyEn,1048
AVwdyoArIN2L1WUfzPyp,1049
AVwdxO0qkufWRAb59Ft6,1050
AWEKmfu0IxWefVJwxJqW,1051
AVwcpaQ0kufWRAb5xfuR,1052
AVwdGS8-ByjofQCxlfGE,1053
AVwcvmrVByjofQCxhsvL,1054
AVweOjICByjofQCxwYKD,1055
AVwdSelekufWRAb54U59,1056
AVwePPg7_7pvs4fzBPmW,1057
AWCACZ-ka4HuVbedJ-0v,1058
AVwctTao_7pvs4fzyG63,1059
AVwdkMf4_7pvs4fz7JVO,1060
AVwdoIvLByjofQCxq-w8,1061
AWfPeemaa4HuVbeddb2K,1062
AV1Tpbi5-gnIPe8DWWUp,1063
AVwcj1x3ByjofQCxfnde,1064
AVweiSs2_7pvs4fzD7Ag,1065
AVwdvE4j_7pvs4fz8yXN,1066
AVzX37zs-gnIPe8DTHi5,1067
AVweHwqKkufWRAb5AL0P,1068
AVweQh5LByjofQCxwpan,1069
AVwc_rwDByjofQCxkaXN,1070
AVz-btoDLD2H7whiYSvJ,1071
AVwcwKAGByjofQCxhy9u,1072
AVwd9-b__7pvs4fz-3Lo,1073
AVweBJzD_7pvs4fz_T45,1074
AVwd1FxeIN2L1WUfzlc_,1075
AVweInlbIN2L1WUf2Sei,1076
AWdW0Vow3-Khe5l_sTDB,1077
AWCZaMAdIxWefVJwvW5T,1078
AVwcm8SrkufWRAb5xEv_,1079
AWB2pDC_IxWefVJwvDCR,1080
AWE7_9j2a4HuVbedNreA,1081
AWEKkH3ca4HuVbedMTx8,1082
AVz6h4g83D1zeR_xDHs-,1083
AVwce2Mi_7pvs4fzvh1U,1084
AVwc-1XgByjofQCxkROh,1085
AV1tgus6a4HuVbed8VhR,1086
AVwdkoMR_7pvs4fz7NUN,1087
AVwcr9Iy_7pvs4fzx4Hw,1088
AV1thf33RxPSIh2Rbey9,1089
AVwdp_SbIN2L1WUfx-UO,1090
AVweaRVIByjofQCxx8r0,1091
AVwdNL2pIN2L1WUftVNF,1092
AVwdAG-3kufWRAb51R3E,1093
AVwcf3-KByjofQCxe5gp,1094
AVwcu-QKIN2L1WUfoSxV,1095
AV1TpkL0FcQ3k02bFQJQ,1096
AVwd-0wekufWRAb5-9SC,1097
AVwds7SAkufWRAb58eE-,1098
AWCPMJnyRxPSIh2RpqKA,1099
AVwejJeK_7pvs4fzEDFL,1100
AVwdmQ3-IN2L1WUfxZR7,1101
AV1tgQqQ3-Khe5l_Oo3J,1102
AV1thnbA3-Khe5l_OweH,1103
AWB2X9i7RxPSIh2Rpciy,1104
AVwdZvCSByjofQCxovVM,1105
AV1th19YIxWefVJwhEKX,1106
AWB2a4yca4HuVbedJ8Zk,1107
AVwdN1SsIN2L1WUftbs6,1108
AV1eS8uvRxPSIh2RZ3cZ,1109
AVwemeFqIN2L1WUf6dlY,1110
AVwc9KMbByjofQCxkAXG,1111
AVwcpknJkufWRAb5xhZv,1112
AV1flZVK3-Khe5l_NQZ7,1113
AV1flg_0RxPSIh2RZ__p,1114
AVwdhhar_7pvs4fz6u49,1115
AVwc5QHh_7pvs4fz0Gkh,1116
AVwd3bE8IN2L1WUfz5fz,1117
AV1thZAR3-Khe5l_Ovn8,1118
AVweiOv3IN2L1WUf52GS,1119
AVweJwa_ByjofQCxvvAV,1120
AVwdAVK5ByjofQCxkguJ,1121
AVwcrRy5ByjofQCxg8_s,1122
AVweVxreIN2L1WUf4EWE,1123
AVwdKPC__7pvs4fz23_5,1124
AVwdH0e_IN2L1WUfsbrA,1125
AVweAUoe_7pvs4fz_MN0,1126
AVwcyxqVByjofQCxiPx3,1127
AVwcfwJgByjofQCxe4Ie,1128
AV1thsuTIxWefVJwhD2v,1129
AVwce-r0ByjofQCxevYU,1130
AWFA2p8B3-Khe5l_gigY,1131
AVweVteHByjofQCxxV-T,1132
AV1TphlP-gnIPe8DWXaJ,1133
AVwc4YW_IN2L1WUfp55b,1134
AVwcfs8YByjofQCxe3pw,1135
AVweEE5MIN2L1WUf1qpd,1136
AVweZOJ7IN2L1WUf4h41,1137
AV1tg_aYa4HuVbed8XPz,1138
AWE9XqBja4HuVbedOCiE,1139
AVwdI4BrkufWRAb52rrb,1140
AV1glLfKRxPSIh2RaM4K,1141
AVwctyZkIN2L1WUfoF2k,1142
AVwdis24IN2L1WUfw1tE,1143
AVwdTLSoIN2L1WUfuWvW,1144
AVwcqHIxkufWRAb5xmxv,1145
AWEKlb9va4HuVbedMV2X,1146
AWEKmtal3-Khe5l_exZu,1147
AV4c4rERIxWefVJwkK49,1148
AWEKnvsxRxPSIh2Rriq8,1149
AWEKrVXr3-Khe5l_eyaL,1150
AVz6h4w73D1zeR_xDHtL,1151
AV1thChX3-Khe5l_Ot5J,1152
AVweHBo5IN2L1WUf2EZA,1153
AVzX37ln-gnIPe8DTHiA,1154
AVwdnV--kufWRAb57oGf,1155
AVzxqr3QFcQ3k02bDOaK,1156
AVwdwtln_7pvs4fz9B0j,1157
AVwdDHa5_7pvs4fz1tz0,1158
AVwd-Nl3ByjofQCxuI_f,1159
AV455mZV3-Khe5l_SXp7,1160
AV1thhMoIxWefVJwhDLP,1161
AVweEBloIN2L1WUf1qPT,1162
AVwdDVVzByjofQCxlAYX,1163
AVwdTc6rkufWRAb54fgb,1164
AVwdHomB_7pvs4fz2dSO,1165
AWB2dMcU3-Khe5l_cVZl,1166
AVwdn2bX_7pvs4fz7tK0,1167
AV1eTomLRxPSIh2RZ4-c,1168
AV1eS9K63-Khe5l_NEiK,1169
AVwec8UnkufWRAb5DC9t,1170
AVwculUcIN2L1WUfoOju,1171
AWCIG7Y2a4HuVbedKGqP,1172
AVwdoY5TByjofQCxrBXH,1173
AVweDIyu_7pvs4fz_l_v,1174
AV1eUARMIxWefVJwfdcR,1175
AVwcwb4XByjofQCxh2Hv,1176
AVwdaE05IN2L1WUfvfb4,1177
AVwc7MRAByjofQCxjrsp,1178
AVwc41dWIN2L1WUfp-8l,1179
AVwePy3SkufWRAb5BRHS,1180
AWbLPoSv3-Khe5l_p1XY,1181
AVwc8flYIN2L1WUfqm68,1182
AWEKmPtdIxWefVJwxJJs,1183
AVwdfcZsByjofQCxpop-,1184
AV486nJPIxWefVJwlUNc,1185
AVweVs8UByjofQCxxV5s,1186
AVweGuKP_7pvs4fzAFG1,1187
AV0Z8ufJFcQ3k02bEjUJ,1188
AVwc97-AIN2L1WUfq1h0,1189
AVwcoI15kufWRAb5xSDb,1190
AVwcjPyAByjofQCxfgZd,1191
AVwdSCQbIN2L1WUfuKk9,1192
AVwc7Say_7pvs4fz0cTU,1193
AVwdF-F3ByjofQCxlbi0,1194
AV1eUFlyIxWefVJwfdod,1195
AVweUb3O_7pvs4fzB8oA,1196
AWCACz8H3-Khe5l_cYF4,1197
AVweKgXkByjofQCxv1gl,1198
AVwdDyM2kufWRAb514Rv,1199
AVwc9-5r_7pvs4fz0300,1200
AVwdq09SIN2L1WUfyGsB,1201
AVwce3a1ByjofQCxeuE8,1202
AVwd0w3UIN2L1WUfzi2t,1203
AVweeKqlByjofQCxyhIt,1204
AVwc_pMmkufWRAb51Mpq,1205
AVwczYNXIN2L1WUfpDor,1206
AVwehjWh_7pvs4fzDzod,1207
AVwdT4mLkufWRAb54j4K,1208
AWFFe5IOIxWefVJwyqsS,1209
AWE9LZfWa4HuVbedN_Ag,1210
AWEKprTaa4HuVbedMYZd,1211
AVwditu0_7pvs4fz66oo,1212
AVwcrAX8IN2L1WUfnmx0,1213
AVwc-pYckufWRAb51B78,1214
AV0ZK-4P3D1zeR_xEAHu,1215
AVwc4xR5kufWRAb50Eib,1216
AVwdm0yYIN2L1WUfxfGa,1217
AVweSssqByjofQCxw8Zt,1218
AVwdCuq8ByjofQCxk5zA,1219
AVwdm2xdByjofQCxqycL,1220
AV1thXn43-Khe5l_Ovjq,1221
AVwc6Hq2ByjofQCxjf93,1222
AVweUPttByjofQCxxJK6,1223
AWEKpQK7IxWefVJwxKvN,1224
AVwd_AbKByjofQCxuQHe,1225
AWFXSrPVRxPSIh2RtLY9,1226
AVwc9XfPIN2L1WUfqvzz,1227
AV1db6fKIxWefVJwe7Pq,1228
AVzA26qJLD2H7whiWGTF,1229
AVzX1GlB3D1zeR_xBgfh,1230
AVwc2GM6kufWRAb5znyK,1231
AV1TpjGm-gnIPe8DWXqu,1232
AVwc1F3fIN2L1WUfpW5-,1233
AVweZ4ws_7pvs4fzCrJ0,1234
AVweEIBR_7pvs4fz_ueZ,1235
AVwc_VHd_7pvs4fz1F_9,1236
AV4zBlFx3-Khe5l_SI6V,1237
AVwdouC6ByjofQCxrEh-,1238
AVwcgshl_7pvs4fzv3ge,1239
AWE7bZc53-Khe5l_f3pJ,1240
AV2gfAfPRxPSIh2RdXIp,1241
AVwc3WBEIN2L1WUfpvHW,1242
AV1flrbl3-Khe5l_NQdo,1243
AVwcmxTz_7pvs4fzw-Ld,1244
AVwcjX8oByjofQCxfiAS,1245
AVwdmE-MByjofQCxqqV1,1246
AVwcgJuLByjofQCxe8Af,1247
AWEKlofeIxWefVJwxIcg,1248
AVwd7fWiIN2L1WUf0d07,1249
AVwcl5x-kufWRAb5w4x2,1250
AVwd4bdFkufWRAb5-EXA,1251
AV-Cilg2a4HuVbedGQqK,1252
AVwdc2uPIN2L1WUfv9bz,1253
AVwdUgZoByjofQCxn3a3,1254
AVwd0C28IN2L1WUfzcoU,1255
AWEKlJAfIxWefVJwxHEz,1256
AVwdahWKIN2L1WUfvkQW,1257
AVweFwX2IN2L1WUf15Bx,1258
AVwdfUT2_7pvs4fz6ZGu,1259
AVwddNBx_7pvs4fz6FpU,1260
AVwdG4UsIN2L1WUfsSIb,1261
AVwd82zc_7pvs4fz-syN,1262
AVwduLVFByjofQCxr4uw,1263
AVweE5BP_7pvs4fz_0zh,1264
AWd542R6a4HuVbedbgwd,1265
AVwc8m4__7pvs4fz0p-D,1266
AVwdcs2O_7pvs4fz6A1O,1267
AVweVQJU_7pvs4fzCDv8,1268
AVweNWHFkufWRAb5A8G4,1269
AV1eTRdRRxPSIh2RZ4SR,1270
AVwdKpKWkufWRAb52-u5,1271
AWEw2IoJRxPSIh2RsX9B,1272
AVwci_qUIN2L1WUfmKNQ,1273
AVwckINVByjofQCxfrGK,1274
AVwcle8gIN2L1WUfmoHH,1275
AWE83imza4HuVbedN41j,1276
AVwdik7FByjofQCxqHmQ,1277
AVwePe0HByjofQCxwf_J,1278
AVweh-i3ByjofQCxzFv2,1279
AVweKwUFkufWRAb5Alqj,1280
AVwdPuVHByjofQCxnEGZ,1281
AVwcvkS0ByjofQCxhsTv,1282
AVwc2UIzIN2L1WUfpjwe,1283
AVwczNqL_7pvs4fzzGY4,1284
AVwdatDzByjofQCxo5Nc,1285
AVwdfmzgkufWRAb56cOE,1286
AVwdI8IG_7pvs4fz2p3a,1287
AVwckhgvIN2L1WUfmcyZ,1288
AVwdqoUz_7pvs4fz8JJy,1289
AVwdDHwjByjofQCxk99T,1290
AVwcsnP8kufWRAb5yC-z,1291
AVwdvs4aIN2L1WUfy0Fu,1292
AVwc6ndVByjofQCxjlhg,1293
AVweIdx5IN2L1WUf2RHb,1294
AVweCYS4kufWRAb5_cle,1295
AVwdvuEsByjofQCxsHAH,1296
AVwdQeSUByjofQCxnMdM,1297
AVwcq3c9ByjofQCxg4Iw,1298
AVwdpyyYByjofQCxrPQE,1299
AVweVJMvkufWRAb5B_BI,1300
AVwdosKzkufWRAb571Cd,1301
AWEKsx5RRxPSIh2RrjYE,1302
AVwdgDBZIN2L1WUfwbss,1303
AVwc0QxiIN2L1WUfpNwI,1304
AVwdVuRoByjofQCxoETr,1305
AVwcnURaIN2L1WUfm9M5,1306
AVwc2oVH_7pvs4fzzp_D,1307
AVwdYhdSkufWRAb55UzN,1308
AVzX41fQ-gnIPe8DTJt3,1309
AVwcfxRIIN2L1WUfllQe,1310
AWB4cG3ga4HuVbedJ9Xe,1311
AVwdA_-WByjofQCxkniK,1312
AVwdzrHKByjofQCxsrqC,1313
AVwczWLBIN2L1WUfpDTw,1314
AWCIHC9m3-Khe5l_cf2j,1315
AWB4UnF4a4HuVbedJ9Mg,1316
AVwc2rCTkufWRAb5zt6J,1317
AWCIHQ_aRxPSIh2RpnFs,1318
AVwef_0m_7pvs4fzDkue,1319
AVwdUsxsByjofQCxn5es,1320
AVwdZv04ByjofQCxovcE,1321
AVwcx_kXByjofQCxiH4A,1322
AVweN8-yByjofQCxwTTU,1323
AVwdQdH8_7pvs4fz39NN,1324
AVwcvbh6ByjofQCxhqkB,1325
AVwdNLpIIN2L1WUftVK-,1326
AVwdx_tKByjofQCxscjE,1327
AVweUjDJIN2L1WUf35li,1328
AVwdIoEIIN2L1WUfsjZa,1329
AVwd3ST_kufWRAb596Sp,1330
AVwcui0a_7pvs4fzyTyA,1331
AVwebGZ2kufWRAb5Cxfs,1332
AVwd9trhByjofQCxuEmP,1333
AVwcgQ2mkufWRAb5v3Yr,1334
AVwd-DEG_7pvs4fz-3xL,1335
AVwdvb98kufWRAb580xX,1336
AVweZ1C6_7pvs4fzCqoY,1337
AVwcvZ_SkufWRAb5yg56,1338
AVwcsc73ByjofQCxhKG_,1339
AVwcuk2FByjofQCxhhWe,1340
AVwdIPxpkufWRAb52lqx,1341
AVwdlxF6ByjofQCxqnI2,1342
AVwdLevY_7pvs4fz3Fua,1343
AVwcolBg_7pvs4fzxSnV,1344
AVwdB4m1kufWRAb51j_a,1345
AVwcgQbAIN2L1WUflqKh,1346
AVwddxakByjofQCxpZKW,1347
AV6ZfnuiRxPSIh2RlHtM,1348
AVwc5_ErByjofQCxjeZE,1349
AWCPCCXuRxPSIh2Rpp5P,1350
AVwdbRL9IN2L1WUfvsZD,1351
AVwc4_E0IN2L1WUfqAt3,1352
AVwdmGkmIN2L1WUfxXj-,1353
AVz6h4xZ3D1zeR_xDHtM,1354
AVwdT9_UkufWRAb54ktq,1355
AVwebW3tIN2L1WUf40LS,1356
AVweHgGAIN2L1WUf2IcI,1357
AVzoM7PX-gnIPe8DUBPz,1358
AVwcuMl7kufWRAb5yTzU,1359
AV3HoVhXa4HuVbed-zd_,1360
AWB2c3w1a4HuVbedJ8gL,1361
AVwdXjyV_7pvs4fz5J6n,1362
AVwcqsAw_7pvs4fzxpyM,1363
AVwdUfkJkufWRAb54qNR,1364
AVwdsGxx_7pvs4fz8XkF,1365
AVwd_szKkufWRAb5_Et4,1366
AWA5NpGRIxWefVJwuoP1,1367
AVwckmGrByjofQCxfwut,1368
AVwckt0akufWRAb5wrON,1369
AVwdCx0MkufWRAb51tYf,1370
AWEKjXkORxPSIh2Rrc6O,1371
AVwcukA_IN2L1WUfoOYw,1372
AVwco6DW_7pvs4fzxWaS,1373
AVwdLBqzIN2L1WUfs9JT,1374
AVwdjPXFByjofQCxqNzy,1375
AVwdWX_1IN2L1WUfu5D4,1376
AVwcfQbtIN2L1WUflfpg,1377
AVz1iS0Q-gnIPe8DUYOb,1378
AVwcnLrgIN2L1WUfm8Ag,1379
AVwek7jT_7pvs4fzEUMV,1380
AV1thTuEa4HuVbed8Y96,1381
AVwddrzNByjofQCxpYTZ,1382
AVwcltjfIN2L1WUfmq9q,1383
AVwcjr8zkufWRAb5wfpm,1384
AVwdTHcuByjofQCxno_3,1385
AVwdnweuIN2L1WUfxn_p,1386
AWCPRNo5IxWefVJwvP_R,1387
AVwei-n_IN2L1WUf59VJ,1388
AV1eS19z3-Khe5l_NEUo,1389
AVwdAFTX_7pvs4fz1Of1,1390
AWB4cEAwa4HuVbedJ9XM,1391
AWEKmakW3-Khe5l_ew1f,1392
AV1flTv43-Khe5l_NQXa,1393
AVwcx2e0kufWRAb5y7gw,1394
AVwciRDBByjofQCxfUj4,1395
AVweCO4p_7pvs4fz_dfn,1396
AVweNAF8ByjofQCxwLOF,1397
AVwdYtHI_7pvs4fz5Vwf,1398
AVzX1dGLFcQ3k02bB78j,1399
AV1flwEc3-Khe5l_NQgC,1400
AVwdpk-ckufWRAb579_P,1401
AVwcrX-wIN2L1WUfnrIY,1402
AVweNseC_7pvs4fzBCjZ,1403
AVwcpD_CkufWRAb5xb__,1404
AVwdyqSU_7pvs4fz9Ttw,1405
AVwdt26_IN2L1WUfyjUN,1406
AVwc6aZFIN2L1WUfqQjD,1407
AVwdoLmK_7pvs4fz7wd4,1408
AVweNENx_7pvs4fzA9KG,1409
AVwd1EKLByjofQCxs3y_,1410
AVwdNHTCIN2L1WUftUZs,1411
AVwdu335_7pvs4fz8wid,1412
AVweOLLD_7pvs4fzBGui,1413
AVwdzqms_7pvs4fz9cNO,1414
AVwcxTzH_7pvs4fzyyH5,1415
AVwdUF1KkufWRAb54mBn,1416
AV6atrNyIxWefVJwqtKq,1417
AVwdTAb6kufWRAb54a4K,1418
AWIXxI1jRxPSIh2RtrhP,1419
AVwcgqTQIN2L1WUflupp,1420
AVwdk4zOByjofQCxqeEN,1421
AV9J4E8ZRxPSIh2Rlz1-,1422
AWE9L9yDa4HuVbedN_Og,1423
AVwdeI_gByjofQCxpcpz,1424
AV1Ts5IFLD2H7whiaPiu,1425
AWE8MwFl3-Khe5l_gKez,1426
AV1tg8DXIxWefVJwhAU2,1427
AVwc_RMeIN2L1WUfrDBh,1428
AVweVLmx_7pvs4fzCDKY,1429
AWCPRUBCRxPSIh2RpqUY,1430
AVwdatg0ByjofQCxo5S5,1431
AV1thTgM3-Khe5l_OvT5,1432
AV1tg9C7a4HuVbed8XA5,1433
